code,system
E118.,readv2
E118.,readv2
E112z,readv2
E112.,readv2
E1121,readv2
E1126,readv2
Eu325,readv2
E112.,readv2
E112z,readv2
Eu325,readv2
E1121,readv2
E1126,readv2
E1137,readv2
Eu33y,readv2
Eu330,readv2
E1136,readv2
E113z,readv2
E113.,readv2
Eu334,readv2
E1131,readv2
Eu33.,readv2
Eu33.,readv2
E1136,readv2
Eu33y,readv2
Eu330,readv2
E113z,readv2
E1131,readv2
E113.,readv2
E1137,readv2
Eu334,readv2
Eu33z,readv2
E1120,readv2
E1130,readv2
E1125,readv2
E1135,readv2
Eu32z,readv2
E1135,readv2
E1130,readv2
Eu33z,readv2
Eu32z,readv2
E1125,readv2
E1120,readv2
E2B0.,readv2
E2B0.,readv2
E1122,readv2
Eu321,readv2
E1132,readv2
Eu331,readv2
Eu326,readv2
Eu331,readv2
Eu321,readv2
E1122,readv2
Eu326,readv2
E1132,readv2
Eu32y,readv2
Eu32y,readv2
E2B1.,readv2
E2B1.,readv2
E1123,readv2
E1133,readv2
E1123,readv2
E1133,readv2
Eu327,readv2
d9...,readv2
da...,readv2
d91..,readv2
da1..,readv2
d77..,readv2
da1..,readv2
d91..,readv2
da...,readv2
d77..,readv2
Eu327,readv2
d9...,readv2
Eu332,readv2
Eu322,readv2
Eu322,readv2
Eu332,readv2
Eu32B,readv2
Eu32B,readv2
E291.,readv2
E291.,readv2
Eu341,readv2
Eu341,readv2
Eu32.,readv2
Eu320,readv2
Eu32.,readv2
Eu320,readv2
E135.,readv2
E135.,readv2
E204.,readv2
E204.,readv2
1BU..,readv2
1BU..,readv2
1BQ..,readv2
1BQ..,readv2
2257.,readv2
1B17.,readv2
2257.,readv2
1B17.,readv2
1BP..,readv2
1BP..,readv2
1BP0.,readv2
9H92,readv2
1BP0.,readv2
9H92,readv2
d912.,readv2
d911.,readv2
d911.,readv2
d912.,readv2
d7d3.,readv2
d71d.,readv2
d76x.,readv2
d762.,readv2
d734.,readv2
d75y.,readv2
da7w.,readv2
d73t.,readv2
d7h1.,readv2
da7Y.,readv2
d73v.,readv2
d7c8.,readv2
d732.,readv2
da7v.,readv2
d73x.,readv2
d7h5.,readv2
daC5.,readv2
daC6.,readv2
d7cy.,readv2
d734.,readv2
d71d.,readv2
d75y.,readv2
d7c8.,readv2
da7w.,readv2
d7h5.,readv2
daC6.,readv2
d762.,readv2
da7v.,readv2
d73x.,readv2
d73t.,readv2
d732.,readv2
d7h1.,readv2
d7cy.,readv2
d73v.,readv2
da7Y.,readv2
d76x.,readv2
daC5.,readv2
d7d3.,readv2
d712.,readv2
d71h.,readv2
d71z.,readv2
d71y.,readv2
d71u.,readv2
d71..,readv2
d71j.,readv2
d71i.,readv2
d713.,readv2
d71w.,readv2
d711.,readv2
d71v.,readv2
d712.,readv2
d71..,readv2
d71h.,readv2
d71u.,readv2
d71y.,readv2
d713.,readv2
d71j.,readv2
d71z.,readv2
d71i.,readv2
d71v.,readv2
d711.,readv2
d71w.,readv2
d73s.,readv2
d73..,readv2
d73u.,readv2
d73s.,readv2
d73..,readv2
d73u.,readv2
d7b6.,readv2
da64.,readv2
daB2.,readv2
d7b9.,readv2
d7b3.,readv2
d782.,readv2
da63.,readv2
daB1.,readv2
gdex.,readv2
d78z.,readv2
d854.,readv2
d853.,readv2
gde3.,readv2
d853.,readv2
d7b6.,readv2
gde3.,readv2
d78z.,readv2
da63.,readv2
gdex.,readv2
d854.,readv2
d7b3.,readv2
daB1.,readv2
d782.,readv2
d7b9.,readv2
daB2.,readv2
da64.,readv2
da24.,readv2
da24.,readv2
da7m.,readv2
da7l.,readv2
da7l.,readv2
da7m.,readv2
da7G.,readv2
da7F.,readv2
da7F.,readv2
da7G.,readv2
daB3.,readv2
d7e7.,readv2
daB6.,readv2
da82.,readv2
daB4.,readv2
d771.,readv2
daB5.,readv2
daB7.,readv2
d7d4.,readv2
d7ax.,readv2
d7aw.,readv2
da34.,readv2
d7e6.,readv2
d7ay.,readv2
da81.,readv2
daB8.,readv2
d73z.,readv2
da85.,readv2
da4E.,readv2
da32.,readv2
da32.,readv2
daB7.,readv2
da4E.,readv2
d7d4.,readv2
d7ay.,readv2
daB3.,readv2
daB8.,readv2
daB5.,readv2
d7e7.,readv2
d7aw.,readv2
d73z.,readv2
daB4.,readv2
d7ax.,readv2
d771.,readv2
daB6.,readv2
d7e6.,readv2
da81.,readv2
da82.,readv2
da34.,readv2
da85.,readv2
d7c6.,readv2
d7c7.,readv2
d7c..,readv2
d7c9.,readv2
d7c6.,readv2
d7c9.,readv2
d7c..,readv2
d7c7.,readv2
daBz.,readv2
daB..,readv2
daBy.,readv2
daBy.,readv2
daBz.,readv2
daB..,readv2
da95.,readv2
da9z.,readv2
daC7.,readv2
daC3.,readv2
da9..,readv2
da93.,readv2
daC..,readv2
daC1.,readv2
daCA.,readv2
da91.,readv2
da9..,readv2
da95.,readv2
daCA.,readv2
da91.,readv2
daC..,readv2
da9z.,readv2
daC7.,readv2
da93.,readv2
daC3.,readv2
daC1.,readv2
d7b5.,readv2
d7b4.,readv2
d7b5.,readv2
d7b4.,readv2
da23.,readv2
da21.,readv2
da21.,readv2
da23.,readv2
gde..,readv2
gde..,readv2
da4B.,readv2
da4B.,readv2
da2..,readv2
da2y.,readv2
da2y.,readv2
da2..,readv2
d772.,readv2
d7fz.,readv2
d77y.,readv2
d7fy.,readv2
d77w.,readv2
d7fx.,readv2
d7f..,readv2
d77x.,readv2
d77z.,readv2
d77w.,readv2
d7f..,readv2
d7fy.,readv2
d77y.,readv2
d77x.,readv2
d772.,readv2
d7fx.,readv2
d77z.,readv2
d7fz.,readv2
d763.,readv2
d764.,readv2
d763.,readv2
d764.,readv2
daA..,readv2
daA1.,readv2
daA..,readv2
daA1.,readv2
da78.,readv2
da77.,readv2
d736.,readv2
da7I.,readv2
da72.,readv2
da7q.,readv2
d76z.,readv2
da71.,readv2
d75z.,readv2
d7az.,readv2
d71b.,readv2
da74.,readv2
da73.,readv2
da7I.,readv2
d736.,readv2
da73.,readv2
da74.,readv2
da78.,readv2
d76z.,readv2
da7q.,readv2
da77.,readv2
da71.,readv2
d75z.,readv2
d71b.,readv2
d7az.,readv2
da72.,readv2
d916.,readv2
d917.,readv2
d916.,readv2
d917.,readv2
d74z.,readv2
d74..,readv2
d74z.,readv2
d74..,readv2
d7h6.,readv2
d7h8.,readv2
d7h7.,readv2
d7h6.,readv2
d7h7.,readv2
d7h8.,readv2
d791.,readv2
d794.,readv2
d791.,readv2
d794.,readv2
da4..,readv2
da46.,readv2
da46.,readv2
da4..,readv2
d7c1.,readv2
d7c2.,readv2
d7c2.,readv2
d7c1.,readv2
d71c.,readv2
d71c.,readv2
gde4.,readv2
gde4.,readv2
da7N.,readv2
da7J.,readv2
da7O.,readv2
da7H.,readv2
da7J.,readv2
da7O.,readv2
da7N.,readv2
da7H.,readv2
daA2.,readv2
daA2.,readv2
da7e.,readv2
da7d.,readv2
da7d.,readv2
da7e.,readv2
d7e5.,readv2
d7ew.,readv2
d7e..,readv2
d7e5.,readv2
d7ew.,readv2
d7e..,readv2
d72y.,readv2
d72z.,readv2
d72..,readv2
d72y.,readv2
d72z.,readv2
d72..,readv2
d75..,readv2
d75..,readv2
daE6.,readv2
daE..,readv2
daE2.,readv2
daE4.,readv2
daE4.,readv2
daE..,readv2
daE6.,readv2
daE2.,readv2
da11.,readv2
da11.,readv2
d766.,readv2
d765.,readv2
d766.,readv2
d765.,readv2
d7h2.,readv2
da76.,readv2
d7ex.,readv2
d76y.,readv2
d733.,readv2
da75.,readv2
d7ez.,readv2
d73r.,readv2
d71e.,readv2
d7e3.,readv2
d73w.,readv2
d73w.,readv2
d76y.,readv2
d73r.,readv2
d71e.,readv2
d733.,readv2
d7h2.,readv2
d7e3.,readv2
d7ez.,readv2
d7ex.,readv2
da76.,readv2
da75.,readv2
d792.,readv2
d792.,readv2
d7h4.,readv2
d7h3.,readv2
d7h..,readv2
d7h..,readv2
d7h4.,readv2
d7h3.,readv2
d841.,readv2
d841.,readv2
da7P.,readv2
da7Q.,readv2
da7Q.,readv2
da7P.,readv2
d831.,readv2
d831.,readv2
da54.,readv2
da53.,readv2
da54.,readv2
da53.,readv2
d7c4.,readv2
d7c3.,readv2
d7c5.,readv2
d7c5.,readv2
d7c4.,readv2
d7c3.,readv2
da41.,readv2
gdey.,readv2
da43.,readv2
da43.,readv2
da41.,readv2
gdey.,readv2
d7gz.,readv2
d7g..,readv2
d7g..,readv2
d7gz.,readv2
gdez.,readv2
gdew.,readv2
gdew.,readv2
gdez.,readv2
d79y.,readv2
d79y.,readv2
d717.,readv2
d718.,readv2
d718.,readv2
d717.,readv2
daC9.,readv2
daC2.,readv2
daC4.,readv2
daC8.,readv2
daC4.,readv2
daC2.,readv2
daC8.,readv2
daC9.,readv2
d7b7.,readv2
d7b8.,readv2
d7b8.,readv2
d7b7.,readv2
da7j.,readv2
da7k.,readv2
da7k.,readv2
da7j.,readv2
da66.,readv2
da62.,readv2
da68.,readv2
da68.,readv2
da66.,readv2
da62.,readv2
d714.,readv2
d716.,readv2
d715.,readv2
d715.,readv2
d714.,readv2
d716.,readv2
da7V.,readv2
da7p.,readv2
da7X.,readv2
da7W.,readv2
da7W.,readv2
da7X.,readv2
da7p.,readv2
da7V.,readv2
da7R.,readv2
da7S.,readv2
da7S.,readv2
da7R.,readv2
d753.,readv2
d754.,readv2
d753.,readv2
d754.,readv2
d7f2.,readv2
d7f3.,readv2
d7f1.,readv2
d7f2.,readv2
d7f3.,readv2
d7f1.,readv2
da99.,readv2
da98.,readv2
da9A.,readv2
da99.,readv2
da98.,readv2
da9A.,readv2
d7e4.,readv2
d7e4.,readv2
d82..,readv2
d82y.,readv2
d82z.,readv2
d82..,readv2
d82y.,readv2
d82z.,readv2
da86.,readv2
66580,readv2
da86.,readv2
66590,readv2
da84.,readv2
da83.,readv2
da83.,readv2
da84.,readv2
da67.,readv2
da61.,readv2
da6..,readv2
da65.,readv2
da61.,readv2
da65.,readv2
da67.,readv2
da6..,readv2
da1z.,readv2
da1z.,readv2
d8...,readv2
d8...,readv2
daE5.,readv2
daE1.,readv2
daE3.,readv2
daE1.,readv2
daE3.,readv2
daE5.,readv2
da7u.,readv2
da7t.,readv2
da7u.,readv2
da7t.,readv2
d7e2.,readv2
d761.,readv2
d7e2.,readv2
d761.,readv2
d821.,readv2
d822.,readv2
d822.,readv2
d821.,readv2
d851.,readv2
d851.,readv2
da7s.,readv2
da7r.,readv2
da7s.,readv2
da7r.,readv2
da7K.,readv2
da79.,readv2
da7..,readv2
da79.,readv2
da7..,readv2
da7K.,readv2
d7d2.,readv2
d7d1.,readv2
d7d2.,readv2
d7d1.,readv2
da7n.,readv2
da7o.,readv2
da7o.,readv2
da7n.,readv2
da4A.,readv2
da4A.,readv2
da4D.,readv2
da4D.,readv2
d738.,readv2
d739.,readv2
d737.,readv2
d739.,readv2
d737.,readv2
d738.,readv2
d81..,readv2
d81z.,readv2
d81z.,readv2
d81..,readv2
d755.,readv2
d756.,readv2
d755.,readv2
d756.,readv2
d7g1.,readv2
d7g1.,readv2
da7Z.,readv2
da7a.,readv2
da7a.,readv2
da7Z.,readv2
da92.,readv2
da96.,readv2
da97.,readv2
da94.,readv2
da96.,readv2
da92.,readv2
da97.,readv2
da94.,readv2
gde1.,readv2
gde2.,readv2
gde2.,readv2
gde1.,readv2
da22.,readv2
da2z.,readv2
da2z.,readv2
da22.,readv2
d78..,readv2
d78y.,readv2
d78y.,readv2
d78..,readv2
d852.,readv2
d85..,readv2
d85..,readv2
d852.,readv2
d776.,readv2
d775.,readv2
d777.,readv2
d776.,readv2
d775.,readv2
d777.,readv2
da42.,readv2
da47.,readv2
da45.,readv2
da44.,readv2
da44.,readv2
da45.,readv2
da42.,readv2
da47.,readv2
d793.,readv2
d793.,readv2
da7L.,readv2
da7M.,readv2
da7M.,readv2
da7L.,readv2
da7A.,readv2
da7A.,readv2
da1y.,readv2
da1y.,readv2
d774.,readv2
d773.,readv2
d773.,readv2
d774.,readv2
d741.,readv2
d741.,readv2
d752.,readv2
d751.,readv2
d752.,readv2
d751.,readv2
d71g.,readv2
d735.,readv2
d73y.,readv2
d735.,readv2
d71g.,readv2
d73y.,readv2
d76w.,readv2
d76..,readv2
d76w.,readv2
d76..,readv2
da7U.,readv2
da7T.,readv2
da7U.,readv2
da7T.,readv2
da8..,readv2
da8..,readv2
da48.,readv2
da48.,readv2
d84z.,readv2
d84..,readv2
d84..,readv2
d84z.,readv2
d7d..,readv2
d7d..,readv2
d79..,readv2
d79z.,readv2
d79..,readv2
d79z.,readv2
d914.,readv2
d914.,readv2
da7f.,readv2
da7f.,readv2
da7E.,readv2
da7D.,readv2
da7D.,readv2
da7E.,readv2
da52.,readv2
da51.,readv2
da5..,readv2
da51.,readv2
da5..,readv2
da52.,readv2
d71f.,readv2
d71f.,readv2
d7b2.,readv2
d7b..,readv2
d7b1.,readv2
d7b..,readv2
d7b2.,readv2
d7b1.,readv2
da7c.,readv2
da7b.,readv2
da7c.,readv2
da7b.,readv2
da31.,readv2
da33.,readv2
da33.,readv2
da31.,readv2
da7i.,readv2
da7h.,readv2
da7h.,readv2
da7i.,readv2
d7e1.,readv2
d7e1.,readv2
d731.,readv2
d731.,readv2
da7g.,readv2
da7g.,readv2
d759.,readv2
d75A.,readv2
d759.,readv2
d75A.,readv2
d7a3.,readv2
d7a2.,readv2
d7a1.,readv2
d7a4.,readv2
d7a2.,readv2
d7a1.,readv2
d7a4.,readv2
d7a3.,readv2
daD2.,readv2
daD..,readv2
daD..,readv2
daD2.,readv2
da7C.,readv2
da7B.,readv2
da7B.,readv2
da7C.,readv2
d721.,readv2
d722.,readv2
d722.,readv2
d721.,readv2
da12.,readv2
da12.,readv2
da49.,readv2
da49.,readv2
d915.,readv2
d915.,readv2
d913.,readv2
d913.,readv2
d7...,readv2
d7...,readv2
da3..,readv2
da3..,readv2
d83..,readv2
d83z.,readv2
d83z.,readv2
d83..,readv2
d7a..,readv2
d7a..,readv2
d719.,readv2
d71a.,readv2
d71a.,readv2
d719.,readv2
d811.,readv2
d811.,readv2
daD1.,readv2
daD1.,readv2
da4C.,readv2
da4C.,readv2
d781.,readv2
d781.,readv2
9H91,readv2
9H91,readv2
9H90,readv2
9H90,readv2
9HA0,readv2
9HA0,readv2